<?xml version="1.0" encoding="UTF-8"?>
<preferences>
 <debug showDebugMenu="0" />
 <systemtable>
  <columns>
   <connections preferredWidth="175" />
   <irq preferredWidth="34" />
  </columns>
 </systemtable>
 <clocktable>
  <columns>
   <clockname preferredWidth="548" />
   <clocksource preferredWidth="547" />
   <frequency preferredWidth="529" />
  </columns>
 </clocktable>
 <library expandedCategories="Project/Terasic Technologies Inc,Library,Project" />
 <window width="1920" height="1152" x="-8" y="-8" />
 <hdlexample language="VERILOG" />
</preferences>
